-- phpMyAdmin SQL Dump
-- version 4.9.0.1
-- https://www.phpmyadmin.net/
--
-- Host: sql300.infinityfree.com
-- Generation Time: Mar 05, 2026 at 07:25 PM
-- Server version: 11.4.10-MariaDB
-- PHP Version: 7.2.22

SET SQL_MODE = "NO_AUTO_VALUE_ON_ZERO";
SET AUTOCOMMIT = 0;
START TRANSACTION;
SET time_zone = "+00:00";


/*!40101 SET @OLD_CHARACTER_SET_CLIENT=@@CHARACTER_SET_CLIENT */;
/*!40101 SET @OLD_CHARACTER_SET_RESULTS=@@CHARACTER_SET_RESULTS */;
/*!40101 SET @OLD_COLLATION_CONNECTION=@@COLLATION_CONNECTION */;
/*!40101 SET NAMES utf8mb4 */;

--
-- Database: `if0_41094065_bbms_db`
--

-- --------------------------------------------------------

--
-- Table structure for table `admin`
--

CREATE TABLE `admin` (
  `id` int(11) NOT NULL,
  `username` varchar(50) NOT NULL,
  `password` varchar(255) NOT NULL
) ENGINE=InnoDB DEFAULT CHARSET=utf8mb4 COLLATE=utf8mb4_general_ci;

--
-- Dumping data for table `admin`
--

INSERT INTO `admin` (`id`, `username`, `password`) VALUES
(9, 'boyet', '$2y$10$ejr/kHMRi.nc28ml2pxnG.ikjIm1WpBNuJ4JZy0974AXKq54WMTny');

-- --------------------------------------------------------

--
-- Table structure for table `claims`
--

CREATE TABLE `claims` (
  `id` int(11) NOT NULL,
  `employee_id` int(11) NOT NULL,
  `claim_date` date NOT NULL,
  `claimed_at` timestamp NOT NULL DEFAULT current_timestamp()
) ENGINE=InnoDB DEFAULT CHARSET=utf8mb4 COLLATE=utf8mb4_general_ci;

--
-- Dumping data for table `claims`
--

INSERT INTO `claims` (`id`, `employee_id`, `claim_date`, `claimed_at`) VALUES
(1, 43, '2026-03-01', '2026-03-05 11:26:06'),
(2, 43, '2026-03-02', '2026-03-05 11:26:06'),
(3, 43, '2026-03-03', '2026-03-05 11:26:06'),
(4, 43, '2026-03-04', '2026-03-05 11:26:06'),
(5, 18, '2026-03-01', '2026-03-05 11:26:52'),
(6, 18, '2026-03-02', '2026-03-05 11:26:52'),
(7, 18, '2026-03-03', '2026-03-05 11:26:52'),
(8, 18, '2026-03-04', '2026-03-05 11:26:52'),
(9, 19, '2026-03-01', '2026-03-05 12:05:03'),
(10, 23, '2026-03-01', '2026-03-05 12:05:03'),
(11, 23, '2026-03-02', '2026-03-05 12:05:03'),
(12, 19, '2026-03-02', '2026-03-05 12:05:03'),
(13, 25, '2026-03-02', '2026-03-05 12:05:03'),
(14, 25, '2026-03-01', '2026-03-05 12:05:03'),
(15, 26, '2026-03-01', '2026-03-05 12:05:03'),
(16, 26, '2026-03-02', '2026-03-05 12:05:03'),
(17, 28, '2026-03-01', '2026-03-05 12:05:03'),
(18, 28, '2026-03-02', '2026-03-05 12:05:03'),
(19, 29, '2026-03-01', '2026-03-05 12:05:03'),
(20, 29, '2026-03-02', '2026-03-05 12:05:03'),
(21, 30, '2026-03-01', '2026-03-05 12:05:03'),
(22, 30, '2026-03-02', '2026-03-05 12:05:03'),
(23, 31, '2026-03-02', '2026-03-05 12:05:03'),
(24, 31, '2026-03-01', '2026-03-05 12:05:03'),
(25, 32, '2026-03-01', '2026-03-05 12:05:03'),
(26, 32, '2026-03-02', '2026-03-05 12:05:03'),
(27, 33, '2026-03-01', '2026-03-05 12:05:03'),
(28, 34, '2026-03-01', '2026-03-05 12:05:03'),
(29, 34, '2026-03-02', '2026-03-05 12:05:03'),
(30, 35, '2026-03-01', '2026-03-05 12:05:03'),
(31, 35, '2026-03-02', '2026-03-05 12:05:03'),
(32, 37, '2026-03-01', '2026-03-05 12:05:03'),
(33, 37, '2026-03-02', '2026-03-05 12:05:03'),
(34, 38, '2026-03-01', '2026-03-05 12:05:03'),
(35, 38, '2026-03-02', '2026-03-05 12:05:03'),
(36, 39, '2026-03-01', '2026-03-05 12:05:03'),
(37, 39, '2026-03-02', '2026-03-05 12:05:03'),
(38, 40, '2026-03-01', '2026-03-05 12:05:03'),
(39, 40, '2026-03-02', '2026-03-05 12:05:03'),
(40, 42, '2026-03-01', '2026-03-05 12:05:03'),
(41, 19, '2026-03-03', '2026-03-05 12:05:03'),
(42, 23, '2026-03-03', '2026-03-05 12:05:03'),
(43, 25, '2026-03-03', '2026-03-05 12:05:03'),
(44, 26, '2026-03-03', '2026-03-05 12:05:03'),
(45, 28, '2026-03-03', '2026-03-05 12:05:03'),
(46, 29, '2026-03-03', '2026-03-05 12:05:03'),
(47, 30, '2026-03-03', '2026-03-05 12:05:03'),
(48, 31, '2026-03-03', '2026-03-05 12:05:03'),
(49, 32, '2026-03-03', '2026-03-05 12:05:03'),
(50, 33, '2026-03-03', '2026-03-05 12:05:03'),
(51, 34, '2026-03-03', '2026-03-05 12:05:03'),
(52, 35, '2026-03-03', '2026-03-05 12:05:03'),
(53, 37, '2026-03-03', '2026-03-05 12:05:03'),
(54, 38, '2026-03-03', '2026-03-05 12:05:03'),
(55, 39, '2026-03-03', '2026-03-05 12:05:03'),
(56, 40, '2026-03-03', '2026-03-05 12:05:03'),
(57, 41, '2026-03-03', '2026-03-05 12:05:03'),
(58, 42, '2026-03-03', '2026-03-05 12:05:03'),
(59, 43, '2026-02-22', '2026-03-05 12:07:31'),
(60, 44, '2026-02-22', '2026-03-05 12:07:31'),
(61, 18, '2026-02-22', '2026-03-05 12:07:31'),
(62, 19, '2026-02-22', '2026-03-05 12:07:31'),
(63, 23, '2026-02-22', '2026-03-05 12:07:31'),
(64, 25, '2026-02-22', '2026-03-05 12:07:31'),
(65, 26, '2026-02-22', '2026-03-05 12:07:31'),
(66, 27, '2026-02-22', '2026-03-05 12:07:31'),
(67, 28, '2026-02-22', '2026-03-05 12:07:31'),
(68, 29, '2026-02-22', '2026-03-05 12:07:31'),
(69, 30, '2026-02-22', '2026-03-05 12:07:31'),
(70, 31, '2026-02-22', '2026-03-05 12:07:31'),
(71, 32, '2026-02-22', '2026-03-05 12:07:31'),
(72, 33, '2026-02-22', '2026-03-05 12:07:31'),
(73, 34, '2026-02-22', '2026-03-05 12:07:31'),
(74, 35, '2026-02-22', '2026-03-05 12:07:31'),
(75, 37, '2026-02-22', '2026-03-05 12:07:31'),
(76, 38, '2026-02-22', '2026-03-05 12:07:31'),
(77, 39, '2026-02-22', '2026-03-05 12:07:31'),
(78, 40, '2026-02-22', '2026-03-05 12:07:31'),
(79, 41, '2026-02-22', '2026-03-05 12:07:31'),
(80, 42, '2026-02-22', '2026-03-05 12:07:31'),
(81, 42, '2026-02-23', '2026-03-05 12:07:31'),
(82, 40, '2026-02-23', '2026-03-05 12:07:31'),
(83, 39, '2026-02-23', '2026-03-05 12:07:31'),
(84, 38, '2026-02-23', '2026-03-05 12:07:31'),
(85, 37, '2026-02-23', '2026-03-05 12:07:31'),
(86, 35, '2026-02-23', '2026-03-05 12:07:31'),
(87, 34, '2026-02-23', '2026-03-05 12:07:31'),
(88, 33, '2026-02-23', '2026-03-05 12:07:31'),
(89, 31, '2026-02-23', '2026-03-05 12:07:31'),
(90, 30, '2026-02-23', '2026-03-05 12:07:31'),
(91, 29, '2026-02-23', '2026-03-05 12:07:31'),
(92, 28, '2026-02-23', '2026-03-05 12:07:31'),
(93, 27, '2026-02-23', '2026-03-05 12:07:31'),
(94, 26, '2026-02-23', '2026-03-05 12:07:31'),
(95, 42, '2026-02-24', '2026-03-05 12:07:31'),
(96, 41, '2026-02-24', '2026-03-05 12:07:31'),
(97, 40, '2026-02-24', '2026-03-05 12:07:31'),
(98, 39, '2026-02-24', '2026-03-05 12:07:31'),
(99, 38, '2026-02-24', '2026-03-05 12:07:31'),
(100, 37, '2026-02-24', '2026-03-05 12:07:31'),
(101, 35, '2026-02-24', '2026-03-05 12:07:31'),
(102, 34, '2026-02-24', '2026-03-05 12:07:31'),
(103, 33, '2026-02-24', '2026-03-05 12:07:31'),
(104, 32, '2026-02-24', '2026-03-05 12:07:31'),
(105, 31, '2026-02-24', '2026-03-05 12:07:31'),
(106, 30, '2026-02-24', '2026-03-05 12:07:31'),
(107, 29, '2026-02-24', '2026-03-05 12:07:31'),
(108, 28, '2026-02-24', '2026-03-05 12:07:31'),
(109, 26, '2026-02-24', '2026-03-05 12:07:31'),
(110, 25, '2026-02-24', '2026-03-05 12:07:31'),
(111, 23, '2026-02-24', '2026-03-05 12:07:31'),
(112, 19, '2026-02-24', '2026-03-05 12:07:31'),
(113, 18, '2026-02-24', '2026-03-05 12:07:31'),
(114, 44, '2026-02-24', '2026-03-05 12:07:31'),
(115, 43, '2026-02-24', '2026-03-05 12:07:31'),
(116, 43, '2026-02-23', '2026-03-05 12:07:31'),
(117, 44, '2026-02-23', '2026-03-05 12:07:31'),
(118, 18, '2026-02-23', '2026-03-05 12:07:31'),
(119, 19, '2026-02-23', '2026-03-05 12:07:31'),
(120, 23, '2026-02-23', '2026-03-05 12:07:31'),
(121, 25, '2026-02-23', '2026-03-05 12:07:31'),
(122, 44, '2026-02-25', '2026-03-05 12:07:31'),
(123, 18, '2026-02-25', '2026-03-05 12:07:31'),
(124, 43, '2026-02-26', '2026-03-05 12:07:31'),
(125, 18, '2026-02-26', '2026-03-05 12:07:31'),
(126, 19, '2026-02-25', '2026-03-05 12:07:31'),
(127, 23, '2026-02-25', '2026-03-05 12:07:31'),
(128, 25, '2026-02-25', '2026-03-05 12:07:31'),
(129, 23, '2026-02-26', '2026-03-05 12:07:31'),
(130, 25, '2026-02-26', '2026-03-05 12:07:31'),
(131, 26, '2026-02-25', '2026-03-05 12:07:31'),
(132, 28, '2026-02-25', '2026-03-05 12:07:31'),
(133, 29, '2026-02-25', '2026-03-05 12:07:31'),
(134, 26, '2026-02-26', '2026-03-05 12:07:31'),
(135, 28, '2026-02-26', '2026-03-05 12:07:31'),
(136, 30, '2026-02-25', '2026-03-05 12:07:31'),
(137, 31, '2026-02-25', '2026-03-05 12:07:31'),
(138, 33, '2026-02-25', '2026-03-05 12:07:31'),
(139, 34, '2026-02-25', '2026-03-05 12:07:31'),
(140, 35, '2026-02-25', '2026-03-05 12:07:31'),
(141, 37, '2026-02-25', '2026-03-05 12:07:31'),
(142, 38, '2026-02-25', '2026-03-05 12:07:31'),
(143, 39, '2026-02-25', '2026-03-05 12:07:31'),
(144, 40, '2026-02-25', '2026-03-05 12:07:31'),
(145, 42, '2026-02-25', '2026-03-05 12:07:31'),
(146, 41, '2026-02-26', '2026-03-05 12:07:31'),
(147, 40, '2026-02-26', '2026-03-05 12:07:31'),
(148, 39, '2026-02-26', '2026-03-05 12:07:31'),
(149, 38, '2026-02-26', '2026-03-05 12:07:31'),
(150, 37, '2026-02-26', '2026-03-05 12:07:31'),
(151, 35, '2026-02-26', '2026-03-05 12:07:31'),
(152, 34, '2026-02-26', '2026-03-05 12:07:31'),
(153, 33, '2026-02-26', '2026-03-05 12:07:31'),
(154, 32, '2026-02-26', '2026-03-05 12:07:31'),
(155, 31, '2026-02-26', '2026-03-05 12:07:31'),
(156, 43, '2026-02-27', '2026-03-05 12:07:31'),
(157, 44, '2026-02-27', '2026-03-05 12:07:31'),
(158, 18, '2026-02-27', '2026-03-05 12:07:31'),
(159, 43, '2026-02-28', '2026-03-05 12:07:31'),
(160, 44, '2026-02-28', '2026-03-05 12:07:31'),
(161, 18, '2026-02-28', '2026-03-05 12:07:31'),
(162, 23, '2026-02-28', '2026-03-05 12:07:31'),
(163, 19, '2026-02-28', '2026-03-05 12:07:31'),
(164, 23, '2026-02-27', '2026-03-05 12:07:31'),
(165, 25, '2026-02-27', '2026-03-05 12:07:31'),
(166, 25, '2026-02-28', '2026-03-05 12:07:31'),
(167, 26, '2026-02-27', '2026-03-05 12:07:31'),
(168, 26, '2026-02-28', '2026-03-05 12:07:31'),
(169, 28, '2026-02-27', '2026-03-05 12:07:31'),
(170, 28, '2026-02-28', '2026-03-05 12:07:31'),
(171, 29, '2026-02-27', '2026-03-05 12:07:31'),
(172, 29, '2026-02-28', '2026-03-05 12:07:31'),
(173, 30, '2026-02-27', '2026-03-05 12:07:31'),
(174, 30, '2026-02-28', '2026-03-05 12:07:31'),
(175, 31, '2026-02-27', '2026-03-05 12:07:31'),
(176, 31, '2026-02-28', '2026-03-05 12:07:31'),
(177, 33, '2026-02-27', '2026-03-05 12:07:31'),
(178, 33, '2026-02-28', '2026-03-05 12:07:31'),
(179, 32, '2026-02-27', '2026-03-05 12:07:31'),
(180, 34, '2026-02-27', '2026-03-05 12:07:31'),
(181, 34, '2026-02-28', '2026-03-05 12:07:31'),
(182, 35, '2026-02-27', '2026-03-05 12:07:31'),
(183, 35, '2026-02-28', '2026-03-05 12:07:31'),
(184, 37, '2026-02-27', '2026-03-05 12:07:31'),
(185, 37, '2026-02-28', '2026-03-05 12:07:31'),
(186, 38, '2026-02-27', '2026-03-05 12:07:31'),
(187, 38, '2026-02-28', '2026-03-05 12:07:31'),
(188, 39, '2026-02-27', '2026-03-05 12:07:31'),
(189, 39, '2026-02-28', '2026-03-05 12:07:31'),
(190, 40, '2026-02-27', '2026-03-05 12:07:31'),
(191, 40, '2026-02-28', '2026-03-05 12:07:31'),
(192, 42, '2026-02-27', '2026-03-05 12:07:31'),
(193, 42, '2026-02-28', '2026-03-05 12:07:31'),
(195, 23, '2026-03-04', '2026-03-05 12:49:09'),
(196, 25, '2026-03-04', '2026-03-05 12:49:09'),
(197, 26, '2026-03-04', '2026-03-05 12:49:09'),
(198, 28, '2026-03-04', '2026-03-05 12:49:09'),
(199, 29, '2026-03-04', '2026-03-05 12:49:09'),
(200, 30, '2026-03-04', '2026-03-05 12:49:09'),
(201, 32, '2026-03-04', '2026-03-05 12:49:09'),
(202, 33, '2026-03-04', '2026-03-05 12:49:09'),
(203, 34, '2026-03-04', '2026-03-05 12:49:09'),
(204, 35, '2026-03-04', '2026-03-05 12:49:09'),
(205, 37, '2026-03-04', '2026-03-05 12:49:09'),
(206, 38, '2026-03-04', '2026-03-05 12:49:09'),
(207, 39, '2026-03-04', '2026-03-05 12:49:09'),
(208, 40, '2026-03-04', '2026-03-05 12:49:09'),
(209, 41, '2026-03-04', '2026-03-05 12:49:09'),
(210, 42, '2026-03-04', '2026-03-05 12:49:09'),
(211, 37, '2026-03-05', '2026-03-05 13:05:46'),
(212, 23, '2026-03-05', '2026-03-05 13:08:21'),
(213, 25, '2026-03-05', '2026-03-05 13:08:21'),
(214, 28, '2026-03-05', '2026-03-05 13:08:21'),
(215, 29, '2026-03-05', '2026-03-05 13:08:21'),
(216, 44, '2026-03-02', '2026-03-05 13:09:54'),
(217, 44, '2026-03-03', '2026-03-05 13:09:54'),
(218, 44, '2026-03-04', '2026-03-05 13:09:54'),
(219, 43, '2026-03-05', '2026-03-05 13:11:40'),
(220, 44, '2026-03-05', '2026-03-05 13:11:40'),
(221, 18, '2026-03-05', '2026-03-05 13:11:40'),
(222, 26, '2026-03-05', '2026-03-05 13:12:03');

-- --------------------------------------------------------

--
-- Table structure for table `employees`
--

CREATE TABLE `employees` (
  `id` int(11) NOT NULL,
  `name` varchar(255) NOT NULL,
  `assigned_place` varchar(255) DEFAULT NULL,
  `is_active` tinyint(1) NOT NULL DEFAULT 1,
  `created_at` timestamp NOT NULL DEFAULT current_timestamp()
) ENGINE=InnoDB DEFAULT CHARSET=utf8mb4 COLLATE=utf8mb4_general_ci;

--
-- Dumping data for table `employees`
--

INSERT INTO `employees` (`id`, `name`, `assigned_place`, `is_active`, `created_at`) VALUES
(18, 'Airon Reyes Torres', 'Katapatan, Banay-banay', 1, '2026-02-22 05:21:26'),
(19, 'Alata Cris', 'Dila, Sta. Rosa', 1, '2026-02-22 05:21:35'),
(20, 'Deleted Employee #20', NULL, 0, '2026-02-22 05:22:25'),
(23, 'Bru Relano Decena', 'Lakeside', 1, '2026-02-22 05:27:51'),
(25, 'Delacruz Ernie', 'Hongkong Village', 1, '2026-02-22 05:29:00'),
(26, 'Eddie Bou Emperador', 'Brgy 3, Bayan', 1, '2026-02-22 05:29:15'),
(27, 'Ellie Aldiano', 'Skerol', 1, '2026-02-22 05:29:35'),
(28, 'Garing Christof', 'Katapatan, Banay-banay', 1, '2026-02-22 05:29:57'),
(29, 'Gleen Mhar Bangsoy Paclibar', 'high-way, Banay-banay', 1, '2026-02-22 05:30:33'),
(30, 'James Garay', '', 1, '2026-02-22 05:30:48'),
(31, 'Jemuel Tabora Gomez', 'Sentenial', 1, '2026-02-22 05:31:07'),
(32, 'Jhie Aranil', 'Niugan', 1, '2026-02-22 05:33:18'),
(33, 'Jhonzyruz Deguzman', 'Sala, Cabuyao', 1, '2026-02-22 05:33:34'),
(34, 'John Micheal', '', 1, '2026-02-22 05:34:01'),
(35, 'Johncarlo Pajarillo', 'Skerol', 1, '2026-02-22 05:34:14'),
(36, 'Deleted Employee #36', NULL, 0, '2026-02-22 05:34:28'),
(37, 'Jomar De Luna Ramos', 'RiversStone, Sta.rosa', 1, '2026-02-22 05:34:42'),
(38, 'Larry Mar Bangsoy', 'Southville', 1, '2026-02-22 05:34:59'),
(39, 'Mark Villaflores', 'HongKong', 1, '2026-02-22 05:35:26'),
(40, 'Raymart Caasi', 'HongKong', 1, '2026-02-22 05:38:09'),
(41, 'Ronie Teves', 'Lakeside, Phase4', 1, '2026-02-22 05:38:27'),
(42, 'Vincent Pajarillo', 'Katapatan, Banay-banay', 1, '2026-02-22 05:38:44'),
(43, ' Barsobia', 'Skerol', 1, '2026-02-22 05:40:47'),
(44, ' Welfred', 'Skerol', 1, '2026-02-22 05:41:02');

-- --------------------------------------------------------

--
-- Table structure for table `profits`
--

CREATE TABLE `profits` (
  `id` int(11) NOT NULL,
  `employee_id` int(11) DEFAULT NULL,
  `profit_date` date DEFAULT curdate(),
  `amount` decimal(10,2) NOT NULL,
  `is_training` tinyint(1) DEFAULT 0,
  `submitted_at` timestamp NOT NULL DEFAULT current_timestamp(),
  `status` varchar(50) DEFAULT 'Normal',
  `other_status_text` varchar(255) DEFAULT NULL,
  `session_id` varchar(255) DEFAULT NULL,
  `latitude` decimal(10,7) DEFAULT NULL,
  `longitude` decimal(10,7) DEFAULT NULL
) ENGINE=InnoDB DEFAULT CHARSET=utf8mb4 COLLATE=utf8mb4_general_ci;

--
-- Dumping data for table `profits`
--

INSERT INTO `profits` (`id`, `employee_id`, `profit_date`, `amount`, `is_training`, `submitted_at`, `status`, `other_status_text`, `session_id`, `latitude`, `longitude`) VALUES
(391, 27, '2026-02-22', '500.00', 0, '2026-02-22 12:31:01', 'Training', NULL, '562bb99514dd2f1e4a052b433575850d', '14.2737952', '121.1249195'),
(393, 40, '2026-02-22', '1000.00', 0, '2026-02-22 12:32:13', 'Regular', NULL, '742319ffd28f5752a17c484badded835', '14.2737981', '121.1249311'),
(394, 25, '2026-02-22', '1850.00', 0, '2026-02-22 12:35:55', 'Regular', NULL, 'e236aac900e97cac693f7ed759b65fc7', '14.2737857', '121.1249293'),
(395, 39, '2026-02-22', '1887.00', 0, '2026-02-22 12:38:05', 'Regular', NULL, '0b1374effea46444c19649cadefddab3', '14.2737934', '121.1249149'),
(396, 29, '2026-02-22', '1450.00', 0, '2026-02-22 12:39:41', 'Regular', NULL, 'ef10c7c60749a07eaaffbb95d8a04ae8', '14.2738076', '121.1249163'),
(397, 18, '2026-02-22', '850.00', 0, '2026-02-22 12:42:44', 'Regular', NULL, '110e389f2d6a2f0db6d54775ba5a5188', '14.2738047', '121.1249167'),
(398, 30, '2026-02-22', '650.00', 0, '2026-02-22 12:43:51', 'Training', NULL, '5f69411d32602cd81110a1cd10236b53', '14.2737998', '121.1249211'),
(399, 43, '2026-02-22', '200.00', 0, '2026-02-22 12:45:21', 'Training', NULL, '5f69411d32602cd81110a1cd10236b53', '14.2737946', '121.1249263'),
(400, 23, '2026-02-22', '1400.00', 0, '2026-02-22 12:45:30', 'Regular', NULL, '0e769b3672549940957acc3ae3d0ad92', '14.2737817', '121.1249322'),
(401, 31, '2026-02-22', '1500.00', 0, '2026-02-22 12:50:12', 'Regular', NULL, 'b81841d49265782f8e506dcdfdf6e9f6', '14.2738037', '121.1249055'),
(402, 28, '2026-02-22', '1150.00', 0, '2026-02-22 12:52:44', 'Regular', NULL, '2ef9c11957482eec08397cdf2c5c5bcb', '14.2737913', '121.1249270'),
(403, 19, '2026-02-22', '1150.00', 0, '2026-02-22 12:53:00', 'Regular', NULL, '08c87de94d99c0e2b972124727d0548b', '14.2737966', '121.1249335'),
(404, 33, '2026-02-22', '1450.00', 0, '2026-02-22 12:57:05', 'Regular', NULL, '4e6ddf5a162dc32d79c96265a733dd41', '14.2737863', '121.1249282'),
(405, 34, '2026-02-22', '1265.00', 0, '2026-02-22 13:00:50', 'Regular', NULL, '15c6eb02935d9eae88bcd7d851029e70', '14.2737973', '121.1249292'),
(406, 32, '2026-02-22', '2757.00', 0, '2026-02-22 13:01:45', 'Regular', NULL, '80f6291a076f45347d12fff93a150ef3', '14.2738011', '121.1249149'),
(407, 26, '2026-02-22', '1950.00', 0, '2026-02-22 13:07:15', 'Regular', NULL, '7ebd8a74a166a9456db84883e1bdef1a', '14.2737255', '121.1249526'),
(408, 38, '2026-02-22', '780.00', 0, '2026-02-22 13:09:42', 'Regular', NULL, '1324d1ea69384f0dfe9886fb5de9dafa', '14.2737213', '121.1249409'),
(409, 42, '2026-02-22', '1085.00', 0, '2026-02-22 13:11:19', 'Regular', NULL, 'c6bb422514635d41b78436724885920f', '14.2737984', '121.1249154'),
(410, 35, '2026-02-22', '600.00', 0, '2026-02-22 13:12:13', 'Regular', NULL, '10c482e20af76f0b824db6bf858d9b33', '14.2738212', '121.1249047'),
(412, 41, '2026-02-22', '1700.00', 0, '2026-02-22 13:24:40', 'Regular', NULL, '676c541dc6c72b9ced48ea7a5e2ab13e', '14.2738114', '121.1249156'),
(414, 44, '2026-02-22', '600.00', 0, '2026-02-22 13:25:22', 'Training', NULL, 'd0af187e2589fbd20d7bad834ab56a46', '14.2737827', '121.1249173'),
(415, 37, '2026-02-22', '1800.00', 0, '2026-02-22 13:57:47', 'Regular', NULL, 'ff24ae3b5b74b56e6444124c481694ab', '14.2738284', '121.1248711'),
(416, 36, '2026-02-22', '0.00', 0, '2026-02-22 17:07:19', 'Others', 'Sosyo', NULL, NULL, NULL),
(417, 20, '2026-02-22', '0.00', 0, '2026-02-22 17:08:46', 'Others', 'Sosyo', NULL, NULL, NULL),
(420, 31, '2026-02-23', '600.00', 0, '2026-02-23 12:03:54', 'Regular', NULL, 'b81841d49265782f8e506dcdfdf6e9f6', '14.2526222', '121.1389783'),
(421, 33, '2026-02-23', '950.00', 0, '2026-02-23 12:09:57', 'Regular', NULL, '4e6ddf5a162dc32d79c96265a733dd41', '14.2704871', '121.1261255'),
(423, 40, '2026-02-23', '1000.00', 0, '2026-02-23 12:14:03', 'Regular', NULL, '742319ffd28f5752a17c484badded835', '14.2504703', '121.1274712'),
(424, 19, '2026-02-23', '750.00', 0, '2026-02-23 12:14:37', 'Regular', NULL, '08c87de94d99c0e2b972124727d0548b', '14.2886778', '121.1086779'),
(425, 26, '2026-02-23', '950.00', 0, '2026-02-23 12:18:33', 'Regular', NULL, '7ebd8a74a166a9456db84883e1bdef1a', '14.2738033', '121.1249148'),
(426, 28, '2026-02-23', '1100.00', 0, '2026-02-23 12:19:38', 'Regular', NULL, '2ef9c11957482eec08397cdf2c5c5bcb', '14.2564916', '121.1310039'),
(427, 44, '2026-02-23', '400.00', 0, '2026-02-23 12:24:32', 'Regular', NULL, '7ebd8a74a166a9456db84883e1bdef1a', '14.2737263', '121.1249747'),
(428, 39, '2026-02-23', '1187.00', 0, '2026-02-23 12:28:17', 'Regular', NULL, '0b1374effea46444c19649cadefddab3', '14.2506668', '121.1289367'),
(429, 27, '2026-02-23', '567.00', 0, '2026-02-23 12:28:33', 'Training', NULL, 'fbaf26e88d2fd3cccc8f4f7592e82380', '14.2643724', '121.1272753'),
(430, 34, '2026-02-23', '862.00', 0, '2026-02-23 12:30:36', 'Training', NULL, '312f3b0564e362bf7b409c0a4572b4f4', '14.2643710', '121.1272766'),
(431, 29, '2026-02-23', '1150.00', 0, '2026-02-23 12:35:33', 'Regular', NULL, 'ef10c7c60749a07eaaffbb95d8a04ae8', '14.2738096', '121.1249152'),
(433, 37, '2026-02-23', '950.00', 0, '2026-02-23 12:57:19', 'Regular', NULL, 'ff24ae3b5b74b56e6444124c481694ab', '14.2565210', '121.1317976'),
(434, 42, '2026-02-23', '387.00', 0, '2026-02-23 13:02:50', 'Regular', NULL, 'c6bb422514635d41b78436724885920f', '14.2573833', '121.1341628'),
(435, 38, '2026-02-23', '50.00', 0, '2026-02-23 13:07:09', 'Regular', NULL, '1324d1ea69384f0dfe9886fb5de9dafa', '14.2672286', '121.1385653'),
(436, 18, '2026-02-23', '700.00', 0, '2026-02-23 13:12:31', 'Regular', NULL, 'aca4eac724416b7b0286cbdbb641e021', '14.2566919', '121.1316259'),
(437, 25, '2026-02-23', '750.00', 0, '2026-02-23 13:31:17', 'Regular', NULL, '73c02f2f79ca9ddd959e0d80a0789279', '14.2564892', '121.1310185'),
(438, 23, '2026-02-23', '1100.00', 0, '2026-02-23 13:37:23', 'Regular', NULL, '9a94b23b5d20fadc26830828b2b3535d', '14.2564901', '121.1310209'),
(439, 30, '2026-02-23', '500.00', 0, '2026-02-23 13:40:38', 'Training', NULL, '6c28d081112cd5fe717094495c1a38be', '14.2704610', '121.1261167'),
(440, 35, '2026-02-23', '550.00', 0, '2026-02-23 13:41:39', 'Regular', NULL, 'c65c13ec453c95253054987aaa236556', '14.2670970', '121.1385371'),
(442, 43, '2026-02-23', '350.00', 0, '2026-02-23 14:27:09', 'Training', NULL, '6c28d081112cd5fe717094495c1a38be', '14.2704531', '121.1261218'),
(444, 31, '2026-02-24', '400.00', 0, '2026-02-24 11:42:40', 'Regular', NULL, 'cd548769338cb85c2b5a28cd9ec451d9', '14.2526183', '121.1389877'),
(446, 40, '2026-02-24', '850.00', 0, '2026-02-24 11:43:49', 'Regular', NULL, '892b1fec37b9cfc6970b64e284e2a081', '14.2504667', '121.1274878'),
(448, 33, '2026-02-24', '750.00', 0, '2026-02-24 11:44:21', 'Regular', NULL, '3735f6086319e7e1870144a941a03aad', '14.2704689', '121.1261159'),
(449, 28, '2026-02-24', '400.00', 0, '2026-02-24 11:47:26', 'Regular', NULL, '74351dbcdaf4bedde4facd9e1ca28d7b', '14.2564892', '121.1310212'),
(450, 39, '2026-02-24', '625.00', 0, '2026-02-24 11:50:12', 'Regular', NULL, '62dbdd9aab445cabc66682a09dc237f8', '14.2738069', '121.1249149'),
(451, 42, '2026-02-24', '387.00', 0, '2026-02-24 11:53:19', 'Regular', NULL, 'cc8f317fa6ce5bca44e494eab617c27f', '14.2573248', '121.1341577'),
(453, 19, '2026-02-24', '700.00', 0, '2026-02-24 11:53:42', 'Regular', NULL, 'bbe3cb341327c186f6d11177827e9792', '14.2886630', '121.1087355'),
(454, 29, '2026-02-24', '700.00', 0, '2026-02-24 11:53:59', 'Regular', NULL, '9b9e5be6b876efb0dc994b540cb63133', '14.2551090', '121.1284230'),
(455, 32, '2026-02-24', '862.00', 0, '2026-02-24 11:58:13', 'Regular', NULL, 'aaed19ec1b3799abab02281d055f294c', '14.2737959', '121.1249334'),
(456, 25, '2026-02-24', '800.00', 0, '2026-02-24 12:03:31', 'Regular', NULL, '73c02f2f79ca9ddd959e0d80a0789279', '14.2737990', '121.1249133'),
(459, 41, '2026-02-24', '2000.00', 0, '2026-02-24 12:06:25', 'Regular', NULL, '6e8b0cc3a1967f28f6a88ac0c4b99d7a', '12.3328083', '121.0830800'),
(460, 37, '2026-02-24', '450.00', 0, '2026-02-24 12:08:29', 'Regular', NULL, '78ed0b754b14e603dc488c4cc9410654', '14.2798357', '121.1140950'),
(461, 18, '2026-02-24', '400.00', 0, '2026-02-24 12:11:44', 'Regular', NULL, 'aca4eac724416b7b0286cbdbb641e021', '14.2738011', '121.1249253'),
(464, 26, '2026-02-24', '1050.00', 0, '2026-02-24 12:12:21', 'Regular', NULL, '9570e382c972d6ff63dc9ffe4dd58813', '14.2737921', '121.1249301'),
(465, 38, '2026-02-24', '100.00', 0, '2026-02-24 12:12:24', 'Regular', NULL, '646bb25e3b09c9aad4566464aac0695a', '14.2737907', '121.1249157'),
(466, 44, '2026-02-24', '350.00', 0, '2026-02-24 12:12:38', 'Regular', NULL, '9570e382c972d6ff63dc9ffe4dd58813', '14.2737969', '121.1249311'),
(467, 43, '2026-02-24', '100.00', 0, '2026-02-24 12:12:54', 'Regular', NULL, '9570e382c972d6ff63dc9ffe4dd58813', '14.2737852', '121.1249302'),
(468, 35, '2026-02-24', '150.00', 0, '2026-02-24 12:14:12', 'Regular', NULL, 'c65c13ec453c95253054987aaa236556', '14.2737958', '121.1249315'),
(469, 34, '2026-02-24', '690.00', 0, '2026-02-24 12:23:59', 'Training', NULL, '7e71d627f980570c962de35a0ab0b988', '14.2737933', '121.1249262'),
(470, 23, '2026-02-24', '400.00', 0, '2026-02-24 12:27:04', 'Regular', NULL, '9a94b23b5d20fadc26830828b2b3535d', '14.2737896', '121.1249328'),
(471, 30, '2026-02-24', '200.00', 0, '2026-02-24 12:27:11', 'Training', NULL, '6c28d081112cd5fe717094495c1a38be', '14.2737953', '121.1249265'),
(472, 33, '2026-02-25', '650.00', 0, '2026-02-25 12:05:21', 'Regular', NULL, 'e67744ca21a5574780b17c28eb6935cf', '14.2704814', '121.1261413'),
(473, 31, '2026-02-25', '1000.00', 0, '2026-02-25 12:05:58', 'Regular', NULL, '6e7e8cbe93ec13a0b032375f6722e39c', '14.2526022', '121.1389518'),
(474, 28, '2026-02-25', '750.00', 0, '2026-02-25 12:17:07', 'Regular', NULL, '949fd79e791fcd6ca760d3e1156d781c', '14.2564894', '121.1309957'),
(476, 29, '2026-02-25', '1000.00', 0, '2026-02-25 12:19:40', 'Regular', NULL, 'e55f6bd2216b56dd3000113bdc655901', '14.2550890', '121.1284078'),
(477, 39, '2026-02-25', '1125.00', 0, '2026-02-25 12:20:53', 'Regular', NULL, '5aab34778996d4cc7dcad77142d98416', '14.2506790', '121.1289034'),
(478, 25, '2026-02-25', '1250.00', 0, '2026-02-25 12:22:54', 'Regular', NULL, '8d1f041fd0f9001fbc684fe0ba6006d2', '14.2564913', '121.1310056'),
(480, 35, '2026-02-25', '400.00', 0, '2026-02-25 12:27:29', 'Regular', NULL, 'a22f30fd8540b6cbbd331f397f18ca86', '14.2572996', '121.1340944'),
(481, 37, '2026-02-25', '950.00', 0, '2026-02-25 12:44:46', 'Regular', NULL, 'db1c56ca8ba88991302c3b6958fb9b3d', '14.2798417', '121.1140954'),
(482, 23, '2026-02-25', '1150.00', 0, '2026-02-25 12:46:46', 'Regular', NULL, '547ad4a25c55c6a7144e0fa9140935e8', '14.2564924', '121.1310238'),
(483, 26, '2026-02-25', '1300.00', 0, '2026-02-25 12:47:12', 'Regular', NULL, 'db1c56ca8ba88991302c3b6958fb9b3d', '14.2798246', '121.1141154'),
(484, 44, '2026-02-25', '550.00', 0, '2026-02-25 12:47:48', 'Training', NULL, 'db1c56ca8ba88991302c3b6958fb9b3d', '14.2798415', '121.1140956'),
(485, 19, '2026-02-25', '700.00', 0, '2026-02-25 12:48:34', 'Regular', NULL, 'ad622b10c229579f6fb01ded4535e193', '14.2886907', '121.1086733'),
(486, 18, '2026-02-25', '600.00', 0, '2026-02-25 12:51:26', 'Regular', NULL, '759f8c50e60587a44533108c5e62015a', '14.2737839', '121.1249221'),
(488, 40, '2026-02-25', '800.00', 0, '2026-02-25 12:53:27', 'Regular', NULL, '81ccfccf4e76952f323e16f300a8bc7b', '14.2504589', '121.1274475'),
(489, 42, '2026-02-25', '697.00', 0, '2026-02-25 13:04:34', 'Regular', NULL, '84187f6672eb1e5970feb194d1bdd5fe', '14.2573270', '121.1341371'),
(490, 34, '2026-02-25', '920.00', 0, '2026-02-25 13:25:15', 'Training', NULL, 'f0886095741cbafe6e42e0c0bfc5f611', '14.2643771', '121.1272735'),
(491, 38, '2026-02-25', '450.00', 0, '2026-02-25 13:50:49', 'Regular', NULL, '71fe55e4f414f5a29e6d186d6338a598', '14.2672301', '121.1385449'),
(492, 30, '2026-02-25', '300.00', 0, '2026-02-25 15:30:06', 'Training', NULL, '070251e5e4bf5a3b599b5a6143ef624e', '14.2704578', '121.1261210'),
(494, 43, '2026-02-26', '200.00', 0, '2026-02-25 16:07:46', 'Training', NULL, '433e3bd0aee2c3ae4d2f00ba9d2c8971', '14.2705071', '121.1261191'),
(499, 31, '2026-02-26', '400.00', 0, '2026-02-26 12:02:43', 'Regular', NULL, '6e7e8cbe93ec13a0b032375f6722e39c', '14.2526102', '121.1389643'),
(500, 25, '2026-02-26', '750.00', 0, '2026-02-26 12:04:09', 'Regular', NULL, '8d1f041fd0f9001fbc684fe0ba6006d2', '14.2508310', '121.1288822'),
(501, 26, '2026-02-26', '1150.00', 0, '2026-02-26 12:09:28', 'Regular', NULL, '361c421707ead753df9b28dee8e2615b', '14.2737969', '121.1249302'),
(502, 28, '2026-02-26', '700.00', 0, '2026-02-26 12:12:18', 'Regular', NULL, '949fd79e791fcd6ca760d3e1156d781c', '14.2564905', '121.1309998'),
(503, 33, '2026-02-26', '700.00', 0, '2026-02-26 12:13:49', 'Regular', NULL, '44309d46975c9f1e4faf9b51170d04d4', '14.2704689', '121.1261194'),
(504, 40, '2026-02-26', '1200.00', 0, '2026-02-26 12:13:59', 'Regular', NULL, '81ccfccf4e76952f323e16f300a8bc7b', '14.2504697', '121.1274834'),
(505, 39, '2026-02-26', '500.00', 0, '2026-02-26 12:19:41', 'Regular', NULL, 'cd8c8f78327952fee9eaeda593108b0c', '14.2506772', '121.1288970'),
(506, 35, '2026-02-26', '450.00', 0, '2026-02-26 12:59:49', 'Regular', NULL, 'd767f9c05fcbfe960b6760c34a07cd84', '14.2573484', '121.1341630'),
(507, 38, '2026-02-26', '850.00', 0, '2026-02-26 13:02:34', 'Regular', NULL, '71fe55e4f414f5a29e6d186d6338a598', '14.2671630', '121.1385485'),
(508, 41, '2026-02-26', '950.00', 0, '2026-02-26 13:13:36', 'Regular', NULL, 'cfc6c1646315f03172d69c1d07592a16', '12.3329525', '121.0830008'),
(509, 34, '2026-02-26', '920.00', 0, '2026-02-26 13:15:08', 'Training', NULL, 'f0886095741cbafe6e42e0c0bfc5f611', '14.2644614', '121.1273321'),
(510, 32, '2026-02-26', '1840.00', 0, '2026-02-26 13:15:44', 'Regular', NULL, '5b4f71ce15eaf7296d0f0cc1d791a73e', '14.2643753', '121.1272743'),
(512, 23, '2026-02-26', '1200.00', 0, '2026-02-26 13:30:27', 'Regular', NULL, 'a094eb7f68fa2f5cd6e03238d632f413', '14.2630158', '121.1447989'),
(513, 37, '2026-02-26', '1450.00', 0, '2026-02-26 13:48:56', 'Regular', NULL, 'dd8af70eb6e3771ff8b9adc26f84922c', '14.2565277', '121.1317944'),
(514, 18, '2026-02-26', '1050.00', 0, '2026-02-26 14:06:02', 'Regular', NULL, 'fb59bc0853fe526770e7cd7e1027e261', '14.2567138', '121.1316671'),
(517, 26, '2026-02-27', '1000.00', 0, '2026-02-27 11:21:52', 'Regular', NULL, '8d322b69fd1ff86bcba92fbd606f7038', '14.2737913', '121.1249254'),
(518, 44, '2026-02-27', '500.00', 0, '2026-02-27 11:21:53', 'Training', NULL, '0f10eedd7ca161f9fa9874b71d52e450', '14.2737944', '121.1248883'),
(519, 31, '2026-02-27', '600.00', 0, '2026-02-27 12:03:48', 'Regular', NULL, 'af834916f49500b28fcb2e5985ddcdfd', '14.2525924', '121.1389405'),
(520, 33, '2026-02-27', '800.00', 0, '2026-02-27 12:16:38', 'Regular', NULL, '96efd42d585e3fc8318a26f828e36910', '14.2704571', '121.1261242'),
(521, 28, '2026-02-27', '920.00', 0, '2026-02-27 12:22:19', 'Regular', NULL, '1bfe829125bda3f0afc135cdc787f78e', '14.2564843', '121.1310099'),
(522, 37, '2026-02-27', '1250.00', 0, '2026-02-27 12:31:48', 'Regular', NULL, 'dd8af70eb6e3771ff8b9adc26f84922c', '14.2565283', '121.1317843'),
(523, 39, '2026-02-27', '937.00', 0, '2026-02-27 12:31:54', 'Regular', NULL, '414269f3ef39fca67c27521a6ec44a77', '14.2506711', '121.1289439'),
(524, 29, '2026-02-27', '1350.00', 0, '2026-02-27 12:35:17', 'Regular', NULL, '3bc2bcf7d5688f91c5adad1562e4196d', '14.2550477', '121.1284352'),
(526, 40, '2026-02-27', '1300.00', 0, '2026-02-27 12:36:28', 'Regular', NULL, 'fed1f8f715578ccc9510fb08af809aad', '14.2504697', '121.1274417'),
(527, 25, '2026-02-27', '1250.00', 0, '2026-02-27 12:47:50', 'Regular', NULL, 'd893fcc1ccd417eace6b57586a71eade', '14.2565178', '121.1309933'),
(528, 38, '2026-02-27', '500.00', 0, '2026-02-27 13:02:03', 'Regular', NULL, 'e93ab2545f6f9779fc271f14977cec90', '14.2672274', '121.1385698'),
(529, 18, '2026-02-27', '950.00', 0, '2026-02-27 13:02:31', 'Regular', NULL, 'fb59bc0853fe526770e7cd7e1027e261', '14.2567198', '121.1316450'),
(530, 35, '2026-02-27', '550.00', 0, '2026-02-27 13:02:44', 'Regular', NULL, '5a03151603a600391544e732802d09bc', '14.2643256', '121.1272581'),
(531, 23, '2026-02-27', '1600.00', 0, '2026-02-27 13:55:34', 'Regular', NULL, '604009730d67a5fa2c93d26477adfee9', '14.2564973', '121.1310220'),
(532, 43, '2026-02-27', '250.00', 0, '2026-02-27 14:03:51', 'Training', NULL, 'bcd06030f27caa08f867d5d3babcfc4e', '14.2738006', '121.1249200'),
(533, 30, '2026-02-27', '550.00', 0, '2026-02-27 14:04:07', 'Training', NULL, 'bcd06030f27caa08f867d5d3babcfc4e', '14.2738156', '121.1249047'),
(535, 34, '2026-02-27', '1265.00', 0, '2026-02-27 14:08:47', 'Training', NULL, 'bc476d1d9c5358e5b42b3a9b1f317435', '14.2643782', '121.1272610'),
(536, 42, '2026-02-27', '1007.00', 0, '2026-02-27 14:09:37', 'Regular', NULL, '6feb877b80ba2ea2f0b3e84244349254', '14.2672300', '121.1385682'),
(537, 32, '2026-02-27', '1840.00', 0, '2026-02-27 14:49:23', 'Regular', NULL, 'b12d35b1b53d636b5c9c19a2ca381cfc', '14.2654388', '121.1271452'),
(538, 44, '2026-02-28', '600.00', 0, '2026-02-28 11:58:14', 'Training', NULL, 'b3386c73051a4b0d8c9648666ffd6281', '14.2737856', '121.1249333'),
(539, 35, '2026-02-28', '450.00', 0, '2026-02-28 12:07:31', 'Regular', NULL, '5a03151603a600391544e732802d09bc', '14.2566994', '121.1316721'),
(540, 28, '2026-02-28', '1400.00', 0, '2026-02-28 12:11:58', 'Regular', NULL, 'f8b7b7d4d424ede2db2043f200a83e92', '14.2564907', '121.1310108'),
(541, 26, '2026-02-28', '1450.00', 0, '2026-02-28 12:25:47', 'Regular', NULL, '5e7bb068a52925e0ae443c31479f4154', '14.2738042', '121.1249211'),
(542, 29, '2026-02-28', '1350.00', 0, '2026-02-28 12:26:03', 'Regular', NULL, '59c93ff559b7308e3f7473ed85a3558a', '14.2573287', '121.1341895'),
(543, 18, '2026-02-28', '700.00', 0, '2026-02-28 12:30:57', 'Regular', NULL, '13234d0a41d56ed70d327a1f1d0a66fb', '14.2566652', '121.1316324'),
(547, 31, '2026-02-28', '1500.00', 0, '2026-02-28 12:33:50', 'Regular', NULL, '42b7148724098ccfdbe6299df1729636', '14.2525991', '121.1389616'),
(548, 39, '2026-02-28', '1437.00', 0, '2026-02-28 12:35:44', 'Regular', NULL, '77ad33a49bf8f9dd6beb5898dde5f8b2', '14.2506765', '121.1289018'),
(549, 33, '2026-02-28', '1100.00', 0, '2026-02-28 12:36:08', 'Regular', NULL, 'a96fd84d85fdb4fdf3111009fd66a523', '14.2704700', '121.1261144'),
(550, 25, '2026-02-28', '1250.00', 0, '2026-02-28 12:41:33', 'Regular', NULL, 'd893fcc1ccd417eace6b57586a71eade', '14.2566255', '121.1315396'),
(551, 37, '2026-02-28', '1650.00', 0, '2026-02-28 12:45:42', 'Regular', NULL, '018c7bf7e799fa36a1ca9d003a9dc561', '14.2565243', '121.1317886'),
(552, 30, '2026-02-28', '1000.00', 0, '2026-02-28 12:51:02', 'Training', NULL, 'bf501ca2af2a7fb93d83adc55bdc1e17', '14.2704559', '121.1261256'),
(553, 43, '2026-02-28', '300.00', 0, '2026-02-28 12:51:13', 'Training', NULL, 'bf501ca2af2a7fb93d83adc55bdc1e17', '14.2704509', '121.1261251'),
(554, 34, '2026-02-28', '1150.00', 0, '2026-02-28 12:54:13', 'Training', NULL, 'bc476d1d9c5358e5b42b3a9b1f317435', '14.2643748', '121.1272650'),
(555, 19, '2026-02-28', '950.00', 0, '2026-02-28 12:55:43', 'Regular', NULL, 'a1a0d33dffede6bf6d80e1735e7dbb31', '14.2821640', '121.1114991'),
(556, 38, '2026-02-28', '300.00', 0, '2026-02-28 13:26:26', 'Regular', NULL, 'fafbbfe54af3197d62108b60ff3eb873', '14.2672287', '121.1385701'),
(557, 40, '2026-02-28', '1600.00', 0, '2026-02-28 13:42:43', 'Regular', NULL, 'bfcce664c0db486e07c289f0133fbb36', '14.2526183', '121.1390034'),
(558, 42, '2026-02-28', '1007.00', 0, '2026-02-28 14:13:51', 'Regular', NULL, 'dda6f54bd8f57c84c79c3382710f97aa', '14.2573477', '121.1341609'),
(559, 23, '2026-02-28', '1350.00', 0, '2026-02-28 15:32:22', 'Regular', NULL, '036bebc3e831c8cd03f920f92cdc29f1', '14.2626146', '121.1459379'),
(560, 32, '2026-03-01', '1782.00', 0, '2026-02-28 23:46:17', 'Regular', NULL, 'd4bad9210226be168b8c115a6b0bbaef', '14.2643744', '121.1272718'),
(561, 28, '2026-03-01', '1900.00', 0, '2026-03-01 12:04:45', 'Regular', NULL, 'f8b7b7d4d424ede2db2043f200a83e92', '14.2564904', '121.1310133'),
(562, 26, '2026-03-01', '2300.00', 0, '2026-03-01 12:13:12', 'Regular', NULL, '5e7bb068a52925e0ae443c31479f4154', '14.2737809', '121.1249355'),
(563, 30, '2026-03-01', '850.00', 0, '2026-03-01 12:15:52', 'Training', NULL, 'bf501ca2af2a7fb93d83adc55bdc1e17', '14.2629343', '121.1446395'),
(564, 39, '2026-03-01', '1862.00', 0, '2026-03-01 12:20:03', 'Regular', NULL, '77ad33a49bf8f9dd6beb5898dde5f8b2', '14.2506619', '121.1289227'),
(565, 33, '2026-03-01', '1400.00', 0, '2026-03-01 12:20:10', 'Regular', NULL, 'a96fd84d85fdb4fdf3111009fd66a523', '14.2704745', '121.1261126'),
(566, 25, '2026-03-01', '1800.00', 0, '2026-03-01 12:20:51', 'Regular', NULL, '6b786703eafbd14f468b961c90952402', '14.2508198', '121.1288758'),
(567, 31, '2026-03-01', '1750.00', 0, '2026-03-01 12:34:31', 'Regular', NULL, 'f2012d5238bb83ca27c056ebd1a1abbf', '14.2525956', '121.1389570'),
(568, 29, '2026-03-01', '2100.00', 0, '2026-03-01 12:36:33', 'Regular', NULL, '41f903b1a1dcf4929131ace0ba0a5c92', '14.2550886', '121.1283924'),
(569, 37, '2026-03-01', '1600.00', 0, '2026-03-01 12:38:49', 'Regular', NULL, '018c7bf7e799fa36a1ca9d003a9dc561', '14.2798298', '121.1141000'),
(571, 40, '2026-03-01', '1800.00', 0, '2026-03-01 12:45:31', 'Regular', NULL, '117a69ee59ca2860cd234d3c4c6fad35', '14.2504805', '121.1274397'),
(573, 43, '2026-03-01', '1150.00', 0, '2026-03-01 12:48:03', 'Training', NULL, 'bf501ca2af2a7fb93d83adc55bdc1e17', '14.2629448', '121.1446473'),
(574, 19, '2026-03-01', '1150.00', 0, '2026-03-01 12:58:46', 'Regular', NULL, '6b98827ec8f85f55c89869bea3a7be91', '14.2886796', '121.1086891'),
(575, 38, '2026-03-01', '550.00', 0, '2026-03-01 13:03:25', 'Regular', NULL, 'fafbbfe54af3197d62108b60ff3eb873', '14.2672329', '121.1385684'),
(576, 23, '2026-03-01', '1600.00', 0, '2026-03-01 13:05:00', 'Regular', NULL, '036bebc3e831c8cd03f920f92cdc29f1', '14.2630629', '121.1447196'),
(577, 35, '2026-03-01', '750.00', 0, '2026-03-01 13:09:31', 'Regular', NULL, '394a5a7eb5d4840fd4ffc881fec3b4ca', '14.2566884', '121.1316733'),
(578, 18, '2026-03-01', '1000.00', 0, '2026-03-01 14:03:53', 'Regular', NULL, 'b16ebd6211b9e064cbf33a90d7dd594c', '14.2738003', '121.1249306'),
(579, 42, '2026-03-01', '1627.00', 0, '2026-03-01 14:21:50', 'Regular', NULL, '6aa30e5728716a94dbeedb369a231ce0', '14.2573745', '121.1341639'),
(580, 34, '2026-03-01', '1667.00', 0, '2026-03-01 15:01:17', 'Training', NULL, '5d9a8577b0cb1fb82a7bf26b506a7a08', '14.2738091', '121.1249203'),
(581, 32, '2026-03-02', '2587.00', 0, '2026-03-01 23:03:38', 'Regular', NULL, 'd4bad9210226be168b8c115a6b0bbaef', '14.2643717', '121.1272741'),
(582, 44, '2026-03-02', '950.00', 0, '2026-03-01 23:09:12', 'Training', NULL, '3907f3f9580356149d66b2c99599c391', '14.2738007', '121.1249137'),
(583, 28, '2026-03-02', '1200.00', 0, '2026-03-02 12:04:07', 'Regular', NULL, 'dfdb59bb072e0c3f1e06385d3157c5dc', '14.2564910', '121.1310065'),
(585, 35, '2026-03-02', '400.00', 0, '2026-03-02 12:12:26', 'Regular', NULL, '394a5a7eb5d4840fd4ffc881fec3b4ca', '14.2566894', '121.1316751'),
(586, 29, '2026-03-02', '1350.00', 0, '2026-03-02 12:12:46', 'Regular', NULL, '41f903b1a1dcf4929131ace0ba0a5c92', '14.2550873', '121.1283922'),
(587, 39, '2026-03-02', '1192.00', 0, '2026-03-02 12:13:00', 'Regular', NULL, '848ad6f798de2290d424edb429d42d8f', '14.2508282', '121.1288868'),
(588, 26, '2026-03-02', '1200.00', 0, '2026-03-02 12:27:45', 'Regular', NULL, 'b300d7b7a43060323ceef1e9f04065a6', '14.2738945', '121.1250222'),
(589, 18, '2026-03-02', '650.00', 0, '2026-03-02 12:38:11', 'Regular', NULL, 'b16ebd6211b9e064cbf33a90d7dd594c', '14.2566985', '121.1316511'),
(590, 19, '2026-03-02', '1250.00', 0, '2026-03-02 12:41:59', 'Regular', NULL, '6b98827ec8f85f55c89869bea3a7be91', '14.2886822', '121.1086877'),
(591, 34, '2026-03-02', '1035.00', 0, '2026-03-02 12:43:03', 'Training', NULL, 'd9ca615fc281f7065afdfda1ce8c69aa', '14.2704687', '121.1261339'),
(592, 40, '2026-03-02', '900.00', 0, '2026-03-02 12:52:45', 'Regular', NULL, '1c0069dc14d6c732ccb9438fcf47843a', '14.2504683', '121.1274877'),
(593, 23, '2026-03-02', '1100.00', 0, '2026-03-02 13:01:04', 'Regular', NULL, '5761b25c820601413b590991fe342c9f', '14.2631973', '121.1444493'),
(594, 37, '2026-03-02', '1050.00', 0, '2026-03-02 13:04:16', 'Regular', NULL, '85823830ad57db36b4aa6c3760d176fd', '14.2565200', '121.1317868'),
(595, 31, '2026-03-02', '1300.00', 0, '2026-03-02 13:25:29', 'Regular', NULL, 'c5b3b7810e04d41d0def601b032fb5a2', '14.2526035', '121.1389716'),
(597, 38, '2026-03-02', '450.00', 0, '2026-03-02 13:38:37', 'Regular', NULL, '3c5e164b1be0852d9afdc10cf1ca137f', '14.2672274', '121.1385333'),
(598, 25, '2026-03-02', '900.00', 0, '2026-03-02 13:41:42', 'Regular', NULL, 'db374c440aada5c74d4808c4d98bab0b', '14.2564909', '121.1310146'),
(599, 43, '2026-03-02', '500.00', 0, '2026-03-02 14:24:39', 'Training', NULL, 'b863b8c28d0d9e3ee12b7abaee0b7bc7', '14.2737852', '121.1249294'),
(600, 30, '2026-03-02', '550.00', 0, '2026-03-02 14:25:03', 'Training', NULL, 'b863b8c28d0d9e3ee12b7abaee0b7bc7', '14.2737852', '121.1249294'),
(603, 31, '2026-03-03', '700.00', 0, '2026-03-03 11:22:26', 'Regular', NULL, 'c5b3b7810e04d41d0def601b032fb5a2', '14.2525942', '121.1389339'),
(605, 40, '2026-03-03', '1100.00', 0, '2026-03-03 11:31:29', 'Regular', NULL, '1c0069dc14d6c732ccb9438fcf47843a', '14.2504694', '121.1274758'),
(606, 28, '2026-03-03', '1000.00', 0, '2026-03-03 11:31:34', 'Regular', NULL, 'dfdb59bb072e0c3f1e06385d3157c5dc', '14.2564928', '121.1310229'),
(607, 33, '2026-03-03', '900.00', 0, '2026-03-03 11:32:50', 'Regular', NULL, '55b23885f608fe847b4f6f1de85a6d50', '14.2704787', '121.1261181'),
(608, 39, '2026-03-03', '1057.00', 0, '2026-03-03 11:33:50', 'Regular', NULL, '848ad6f798de2290d424edb429d42d8f', '14.2506691', '121.1288974'),
(609, 38, '2026-03-03', '400.00', 0, '2026-03-03 11:36:27', 'Regular', NULL, '3c5e164b1be0852d9afdc10cf1ca137f', '14.2672376', '121.1384775'),
(610, 26, '2026-03-03', '950.00', 0, '2026-03-03 11:49:22', 'Regular', NULL, '540454809309280e373dc82145925ddc', '14.2737567', '121.1249413'),
(612, 37, '2026-03-03', '800.00', 0, '2026-03-03 11:54:05', 'Regular', NULL, '85823830ad57db36b4aa6c3760d176fd', '14.2643764', '121.1272603'),
(613, 29, '2026-03-03', '800.00', 0, '2026-03-03 11:55:14', 'Regular', NULL, '101f032cfd6611188c3d20b391015aae', '14.2550681', '121.1283998'),
(615, 35, '2026-03-03', '400.00', 0, '2026-03-03 12:02:03', 'Regular', NULL, 'eea6e5a691e5bf652495ebd8a01e17d7', '14.2567003', '121.1316806'),
(617, 34, '2026-03-03', '805.00', 0, '2026-03-03 12:05:45', 'Training', NULL, 'd9ca615fc281f7065afdfda1ce8c69aa', '14.2643774', '121.1272629'),
(618, 41, '2026-03-03', '9200.00', 0, '2026-03-03 12:10:03', 'Regular', NULL, 'd9ca615fc281f7065afdfda1ce8c69aa', '14.2643752', '121.1272619'),
(619, 42, '2026-03-03', '852.00', 0, '2026-03-03 12:12:05', 'Regular', NULL, '76883cc75399f25b309122b45a9cb872', '14.2643792', '121.1272572'),
(620, 43, '2026-03-03', '150.00', 0, '2026-03-03 12:12:53', 'Regular', NULL, 'd9ca615fc281f7065afdfda1ce8c69aa', '14.2643832', '121.1272536'),
(621, 44, '2026-03-03', '650.00', 0, '2026-03-03 12:13:34', 'Training', NULL, '540454809309280e373dc82145925ddc', '14.2643077', '121.1272021'),
(622, 25, '2026-03-03', '1050.00', 0, '2026-03-03 12:15:10', 'Regular', NULL, 'db374c440aada5c74d4808c4d98bab0b', '14.2643798', '121.1272636'),
(623, 19, '2026-03-03', '750.00', 0, '2026-03-03 12:33:23', 'Regular', NULL, 'caf6046d311f324b8f6fc4abf6da000e', '14.2643801', '121.1272649'),
(624, 30, '2026-03-03', '400.00', 0, '2026-03-03 12:33:41', 'Regular', NULL, 'caf6046d311f324b8f6fc4abf6da000e', '14.2643815', '121.1272557'),
(625, 23, '2026-03-03', '1000.00', 0, '2026-03-03 12:35:44', 'Regular', NULL, '5761b25c820601413b590991fe342c9f', '14.2643747', '121.1272594'),
(626, 32, '2026-03-03', '977.00', 0, '2026-03-03 13:21:01', 'Regular', NULL, 'e156143e73f82ee833b154b55f3b2091', '14.2643636', '121.1272405'),
(627, 18, '2026-03-03', '250.00', 0, '2026-03-03 13:21:58', 'Regular', NULL, 'b863b8c28d0d9e3ee12b7abaee0b7bc7', '14.2643796', '121.1272699'),
(628, 28, '2026-03-04', '500.00', 0, '2026-03-04 12:03:49', 'Regular', NULL, 'ed82b22cd5aa1f7d6c7f740f0c5df63c', '14.2564765', '121.1309906'),
(629, 39, '2026-03-04', '625.00', 0, '2026-03-04 12:06:28', 'Regular', NULL, '6d8b09ee0680139ca02a33b6961ae5be', '14.2506635', '121.1289748'),
(630, 40, '2026-03-04', '1150.00', 0, '2026-03-04 12:08:40', 'Regular', NULL, '8ea69249aba26271157f49e12349dd82', '14.2504837', '121.1274316'),
(631, 19, '2026-03-04', '600.00', 0, '2026-03-04 12:10:09', 'Regular', NULL, 'caf6046d311f324b8f6fc4abf6da000e', '14.2886762', '121.1086727'),
(632, 33, '2026-03-04', '450.00', 0, '2026-03-04 12:12:36', 'Regular', NULL, 'c9f92ab3a06e9d02f5d046c0f069b14e', '14.2704767', '121.1261164'),
(633, 29, '2026-03-04', '800.00', 0, '2026-03-04 12:13:41', 'Regular', NULL, '9dc0ed38b417d8e299ffef1666584dc8', '14.2550264', '121.1282958'),
(634, 44, '2026-03-04', '600.00', 0, '2026-03-04 12:13:47', 'Training', NULL, '4bc03ee4ce330424ccc0b5d0400e971a', '14.2738756', '121.1248664'),
(635, 23, '2026-03-04', '850.00', 0, '2026-03-04 12:14:25', 'Regular', NULL, '175654d0329b532a93514c2521d5c4c0', '14.2630377', '121.1445882'),
(637, 26, '2026-03-04', '700.00', 0, '2026-03-04 12:16:46', 'Regular', NULL, 'b0f0939a51ed10f7cd74f413e11edc86', '14.2737948', '121.1249291'),
(638, 18, '2026-03-04', '550.00', 0, '2026-03-04 12:28:47', 'Regular', NULL, 'de0b0ff1b94c9060b0df85bcc8008f20', '14.2566833', '121.1316468'),
(639, 41, '2026-03-04', '550.00', 0, '2026-03-04 12:31:05', 'Regular', NULL, '6a57f57e4aa1c4bd6ac4e45e00f48f0d', '14.2630369', '121.1444975'),
(641, 25, '2026-03-04', '750.00', 0, '2026-03-04 12:31:27', 'Regular', NULL, 'cdd357fcbe0356bf1e50e5a6fd276734', '14.2738001', '121.1249342'),
(642, 32, '2026-03-04', '1207.00', 0, '2026-03-04 12:45:41', 'Regular', NULL, 'aeefbea9071dd44139575fab67b7ccf9', '14.2643715', '121.1272756'),
(643, 34, '2026-03-04', '805.00', 0, '2026-03-04 12:55:53', 'Training', NULL, 'fa7aae5886917cd74b6f6f2878dfbe33', '14.2793876', '121.1152297'),
(644, 42, '2026-03-04', '542.00', 0, '2026-03-04 12:58:29', 'Regular', NULL, '2230b9536b2ae8def6e29cd6ecd5aa30', '14.2573438', '121.1341478'),
(645, 38, '2026-03-04', '200.00', 0, '2026-03-04 13:05:30', 'Regular', NULL, '7ea022d1f7c1cb24b7ca6cf08b333811', '14.2672179', '121.1384912'),
(646, 37, '2026-03-04', '1150.00', 0, '2026-03-04 13:06:56', 'Regular', NULL, '6d8b09ee0680139ca02a33b6961ae5be', '14.2506647', '121.1288985'),
(649, 43, '2026-03-04', '150.00', 0, '2026-03-04 13:07:20', 'Training', NULL, '6d8b09ee0680139ca02a33b6961ae5be', '14.2792286', '121.1151472'),
(650, 30, '2026-03-04', '250.00', 0, '2026-03-04 13:07:36', 'Training', NULL, '6d8b09ee0680139ca02a33b6961ae5be', '14.2792261', '121.1151474'),
(651, 35, '2026-03-04', '300.00', 0, '2026-03-04 13:33:22', 'Regular', NULL, '5a13cdacbffa72bb4c5f64e575f1efd5', '14.2798336', '121.1140834'),
(652, 37, '2026-03-05', '400.00', 0, '2026-03-05 10:33:39', 'Regular', NULL, 'dcb68e644bc9a57566fde6688d22bcc8', '14.2573363', '121.1341831'),
(653, 31, '2026-03-05', '850.00', 0, '2026-03-05 12:03:22', 'Regular', NULL, 'ad1ad21acf423067b6cadf605a7f7a5d', '14.2525993', '121.1389399'),
(656, 41, '2026-03-05', '900.00', 0, '2026-03-05 12:07:06', 'Regular', NULL, '0858ea5d31f1e0c3f6a94d8e7f01d563', '14.2634990', '121.1428515'),
(657, 43, '2026-03-05', '150.00', 0, '2026-03-05 12:07:30', 'Training', NULL, '0858ea5d31f1e0c3f6a94d8e7f01d563', '14.2633312', '121.1428798'),
(658, 39, '2026-03-05', '562.00', 0, '2026-03-05 12:08:57', 'Regular', NULL, 'd13441f95964da68634d003642128ac5', '14.2506660', '121.1289098'),
(659, 34, '2026-03-05', '862.00', 0, '2026-03-05 12:13:19', 'Training', NULL, 'fa7aae5886917cd74b6f6f2878dfbe33', '14.2643580', '121.1272552'),
(660, 38, '2026-03-05', '250.00', 0, '2026-03-05 12:13:28', 'Regular', NULL, '7ea022d1f7c1cb24b7ca6cf08b333811', '14.2672312', '121.1386018'),
(661, 32, '2026-03-05', '1265.00', 0, '2026-03-05 12:14:20', 'Regular', NULL, 'aeefbea9071dd44139575fab67b7ccf9', '14.2643821', '121.1272552'),
(662, 29, '2026-03-05', '1000.00', 0, '2026-03-05 12:18:20', 'Regular', NULL, 'a6aa9a414a205b773c334b0c3dcd2c9d', '14.2565124', '121.1309938'),
(666, 40, '2026-03-05', '1000.00', 0, '2026-03-05 12:21:23', 'Regular', NULL, '54334180e2cc8ff9cd636c78766bd282', '14.2504687', '121.1274806'),
(667, 25, '2026-03-05', '1100.00', 0, '2026-03-05 12:22:20', 'Regular', NULL, '121110d3894021a55ca7389b8e4ce3ea', '14.2738100', '121.1249132'),
(669, 35, '2026-03-05', '450.00', 0, '2026-03-05 12:28:33', 'Regular', NULL, '5a13cdacbffa72bb4c5f64e575f1efd5', '14.2798332', '121.1140908'),
(670, 18, '2026-03-05', '650.00', 0, '2026-03-05 12:29:51', 'Regular', NULL, '72fa3095d48f8eb752d07cb630157702', '14.2737858', '121.1249380'),
(671, 33, '2026-03-05', '650.00', 0, '2026-03-05 12:30:14', 'Regular', NULL, '0d5e5af901fb4fe3ab1ab5b1a9625343', '14.2704329', '121.1260850'),
(672, 28, '2026-03-05', '450.00', 0, '2026-03-05 12:33:11', 'Regular', NULL, 'da852680fad74315ab3b95a2b24af919', '14.2564913', '121.1310020'),
(673, 19, '2026-03-05', '750.00', 0, '2026-03-05 12:34:22', 'Regular', NULL, '39c03903b56eb2585042e755eecf72ef', '14.2886903', '121.1086705'),
(674, 23, '2026-03-05', '1050.00', 0, '2026-03-05 12:38:13', 'Regular', NULL, '94bdf6e52f7c6cb3a7e1cbfde7fabbdb', '14.2629585', '121.1446437'),
(676, 26, '2026-03-05', '700.00', 0, '2026-03-05 13:08:31', 'Regular', NULL, '34642f1045ae6bd0f3e5da1e4fdef33a', '14.2739232', '121.1250574'),
(678, 30, '2026-03-05', '0.00', 0, '2026-03-05 13:08:57', 'Sick', NULL, '07cc07b20a14e7c5439fd2b352931098', '14.2738010', '121.1249345'),
(679, 44, '2026-03-05', '450.00', 0, '2026-03-05 13:10:23', 'Regular', NULL, '34642f1045ae6bd0f3e5da1e4fdef33a', '14.2738552', '121.1248785'),
(681, 42, '2026-03-05', '73.00', 0, '2026-03-05 14:07:35', 'Regular', NULL, 'e1dc39811b2be8665b5afd903993900b', '14.2738871', '121.1249137'),
(682, 42, '2026-03-06', '697.00', 0, '2026-03-05 16:32:04', 'Regular', NULL, '1bb424e888fd367551ff00e2c79d66cb', '14.2737804', '121.1249240');

--
-- Indexes for dumped tables
--

--
-- Indexes for table `admin`
--
ALTER TABLE `admin`
  ADD PRIMARY KEY (`id`),
  ADD UNIQUE KEY `username` (`username`);

--
-- Indexes for table `claims`
--
ALTER TABLE `claims`
  ADD PRIMARY KEY (`id`),
  ADD UNIQUE KEY `uniq_employee_date` (`employee_id`,`claim_date`);

--
-- Indexes for table `employees`
--
ALTER TABLE `employees`
  ADD PRIMARY KEY (`id`);

--
-- Indexes for table `profits`
--
ALTER TABLE `profits`
  ADD PRIMARY KEY (`id`),
  ADD KEY `employee_id` (`employee_id`);

--
-- AUTO_INCREMENT for dumped tables
--

--
-- AUTO_INCREMENT for table `admin`
--
ALTER TABLE `admin`
  MODIFY `id` int(11) NOT NULL AUTO_INCREMENT, AUTO_INCREMENT=10;

--
-- AUTO_INCREMENT for table `claims`
--
ALTER TABLE `claims`
  MODIFY `id` int(11) NOT NULL AUTO_INCREMENT, AUTO_INCREMENT=223;

--
-- AUTO_INCREMENT for table `employees`
--
ALTER TABLE `employees`
  MODIFY `id` int(11) NOT NULL AUTO_INCREMENT, AUTO_INCREMENT=46;

--
-- AUTO_INCREMENT for table `profits`
--
ALTER TABLE `profits`
  MODIFY `id` int(11) NOT NULL AUTO_INCREMENT, AUTO_INCREMENT=683;

--
-- Constraints for dumped tables
--

--
-- Constraints for table `claims`
--
ALTER TABLE `claims`
  ADD CONSTRAINT `claims_employee_fk` FOREIGN KEY (`employee_id`) REFERENCES `employees` (`id`);

--
-- Constraints for table `profits`
--
ALTER TABLE `profits`
  ADD CONSTRAINT `profits_ibfk_1` FOREIGN KEY (`employee_id`) REFERENCES `employees` (`id`);
COMMIT;

/*!40101 SET CHARACTER_SET_CLIENT=@OLD_CHARACTER_SET_CLIENT */;
/*!40101 SET CHARACTER_SET_RESULTS=@OLD_CHARACTER_SET_RESULTS */;
/*!40101 SET COLLATION_CONNECTION=@OLD_COLLATION_CONNECTION */;
